order_id,customer_id,sku,quantity,price,status,order_date,updated_at
1,1,WIDGET-01,2,$12.50,pending,05-Jan-2024,2024-01-05 10:00:00
1,1,WIDGET-01,2,$12.50,completed,05-Jan-2024,2024-01-06 09:00:00
2,1,GADGET-07,1,$42.99,Completed,2024-02-11,2024-02-11 08:00:00
3,2,CABLE-USB,3,"$1,009.99",SHIPPED,03/02/2024,2024-03-02 12:00:00
4,2,WIDGET-02,,18.00, Pending ,20-Mar-2024,2024-03-20 07:00:00
5,3,MOUNT-PRO,1,,shipped,01-Apr-2024,2024-04-01 07:00:00
6,,SPROCKET-3,2,$99.00,cancelled,15-May-2024,2024-05-15 07:00:00
6,,SPROCKET-3,2,$99.00,completed,15-May-2024,2024-05-16 07:00:00
7,3,GADGET-12,4,$7.25,,2024-06-01,2024-06-01 07:00:00
